name,vector,K,COUT,P,DEPTH,N,IMPL,STALL_LEN,PATTERN,INPUT_GAPS,MODE_SEQ,RESET_TEST,T,checked_values,windows,cycle_rows,cycle_model_mismatches,total_cycles,cycles_per_window,mean_dense_latency,mean_sparse_latency
v1_calibration_p2_d2_s0,calibration,576,128,2,2,512,0,0,0,0,2,0,1,131072,1024,1024,0,30852991,30129.8740234375,37824.0,22433.75
v1_evaluation_p2_d2_s0,evaluation,576,128,2,2,512,0,0,0,0,2,0,1,131072,1024,1024,0,30598207,29881.0615234375,37824.0,21936.125
v1_evaluation_p8_d2_s0,evaluation,576,128,8,2,512,0,0,0,0,2,0,1,131072,1024,1024,0,8190991,7999.0146484375,9984.0,6012.03125
v1_evaluation_p8_d2_s12,evaluation,576,128,8,2,512,0,12,0,0,2,0,1,131072,1024,1024,0,8507040,8307.65625,10303.318359375,6309.99609375
v1_gaps_pattern0,synthetic_k27_c9,27,9,4,2,32,0,12,0,1,2,1,1,576,64,64,0,8941,139.703125,160.6875,116.75
v1_gaps_pattern1,synthetic_k27_c9,27,9,4,2,32,0,12,1,1,2,1,1,576,64,64,0,7928,123.875,142.875,102.90625
v1_gaps_pattern2,synthetic_k27_c9,27,9,4,2,32,0,12,2,1,2,1,1,576,64,64,0,8283,129.421875,152.4375,104.4375
v1_minimum_p1,synthetic_k1_c9,1,9,1,2,6,0,12,0,0,2,1,1,108,12,12,0,1533,127.75,142.66666666666666,111.0
v1_minimum_p8,synthetic_k1_c9,1,9,8,2,6,0,12,0,0,2,1,1,108,12,12,0,573,47.75,46.666666666666664,47.0
v1_modeseq0_p4_d2,synthetic_k27_c9,27,9,4,2,32,0,0,0,0,0,0,1,288,32,32,0,4159,129.96875,129.0,
v1_modeseq1_p4_d2,synthetic_k27_c9,27,9,4,2,32,0,0,0,0,1,0,1,288,32,32,0,2884,90.125,,89.15625
v1_small_p1_d1_s0,synthetic_k9_c9,9,9,1,1,14,0,0,0,0,2,0,1,252,28,28,0,3222,115.07142857142857,135.0,93.21428571428571
v1_small_p1_d1_s12,synthetic_k9_c9,9,9,1,1,14,0,12,0,0,2,0,1,252,28,28,0,4237,151.32142857142858,158.85714285714286,141.85714285714286
v1_small_p1_d2_s0,synthetic_k9_c9,9,9,1,2,14,0,0,0,0,2,0,1,252,28,28,0,3222,115.07142857142857,135.0,93.21428571428571
v1_small_p1_d2_s12,synthetic_k9_c9,9,9,1,2,14,0,12,0,0,2,0,1,252,28,28,0,4237,151.32142857142858,158.85714285714286,141.85714285714286
v1_small_p1_d3_s0,synthetic_k9_c9,9,9,1,3,14,0,0,0,0,2,0,1,252,28,28,0,3222,115.07142857142857,135.0,93.21428571428571
v1_small_p1_d3_s12,synthetic_k9_c9,9,9,1,3,14,0,12,0,0,2,0,1,252,28,28,0,4237,151.32142857142858,158.85714285714286,141.85714285714286
v1_small_p2_d1_s0,synthetic_k9_c9,9,9,2,1,14,0,0,0,0,2,0,1,252,28,28,0,2026,72.35714285714286,83.0,59.785714285714285
v1_small_p2_d1_s12,synthetic_k9_c9,9,9,2,1,14,0,12,0,0,2,0,1,252,28,28,0,2544,90.85714285714286,94.64285714285714,85.14285714285714
v1_small_p2_d2_s0,synthetic_k9_c9,9,9,2,2,14,0,0,0,0,2,0,1,252,28,28,0,2026,72.35714285714286,83.0,59.785714285714285
v1_small_p2_d2_s12,synthetic_k9_c9,9,9,2,2,14,0,12,0,0,2,0,1,252,28,28,0,2544,90.85714285714286,94.64285714285714,85.14285714285714
v1_small_p2_d3_s0,synthetic_k9_c9,9,9,2,3,14,0,0,0,0,2,0,1,252,28,28,0,2026,72.35714285714286,83.0,59.785714285714285
v1_small_p2_d3_s12,synthetic_k9_c9,9,9,2,3,14,0,12,0,0,2,0,1,252,28,28,0,2544,90.85714285714286,94.64285714285714,85.14285714285714
v1_small_p4_d1_s0,synthetic_k9_c9,9,9,4,1,14,0,0,0,0,2,0,1,252,28,28,0,1428,51.0,57.0,43.07142857142857
v1_small_p4_d1_s12,synthetic_k9_c9,9,9,4,1,14,0,12,0,0,2,0,1,252,28,28,0,2013,71.89285714285714,78.85714285714286,63.0
v1_small_p4_d2_s0,synthetic_k9_c9,9,9,4,2,14,0,0,0,0,2,0,1,252,28,28,0,1428,51.0,57.0,43.07142857142857
v1_small_p4_d2_s12,synthetic_k9_c9,9,9,4,2,14,0,12,0,0,2,0,1,252,28,28,0,2013,71.89285714285714,78.85714285714286,63.0
v1_small_p4_d3_s0,synthetic_k9_c9,9,9,4,3,14,0,0,0,0,2,0,1,252,28,28,0,1428,51.0,57.0,43.07142857142857
v1_small_p4_d3_s12,synthetic_k9_c9,9,9,4,3,14,0,12,0,0,2,0,1,252,28,28,0,2013,71.89285714285714,78.85714285714286,63.0
v1_small_p8_d1_s0,synthetic_k9_c9,9,9,8,1,14,0,0,0,0,2,0,1,252,28,28,0,1129,40.32142857142857,44.0,34.714285714285715
v1_small_p8_d1_s12,synthetic_k9_c9,9,9,8,1,14,0,12,0,0,2,0,1,252,28,28,0,1757,62.75,63.642857142857146,59.92857142857143
v1_small_p8_d2_s0,synthetic_k9_c9,9,9,8,2,14,0,0,0,0,2,0,1,252,28,28,0,1129,40.32142857142857,44.0,34.714285714285715
v1_small_p8_d2_s12,synthetic_k9_c9,9,9,8,2,14,0,12,0,0,2,0,1,252,28,28,0,1757,62.75,63.642857142857146,59.92857142857143
v1_small_p8_d3_s0,synthetic_k9_c9,9,9,8,3,14,0,0,0,0,2,0,1,252,28,28,0,1129,40.32142857142857,44.0,34.714285714285715
v1_small_p8_d3_s12,synthetic_k9_c9,9,9,8,3,14,0,12,0,0,2,0,1,252,28,28,0,1757,62.75,63.642857142857146,59.92857142857143
v2_calibration_p2_d2_s0,calibration,576,128,2,2,512,1,0,0,0,2,0,1,131072,1024,1024,0,30465919,29751.8740234375,37446.0,22055.75
v2_evaluation_p16_d2_s0,evaluation,576,128,16,2,512,1,0,0,0,2,0,1,131072,1024,1024,0,4313095,4212.0068359375,5204.0,3218.015625
v2_evaluation_p2_d2_s0,evaluation,576,128,2,2,512,1,0,0,0,2,0,1,131072,1024,1024,0,30211135,29503.0615234375,37446.0,21558.125
v2_evaluation_p32_d2_s0,evaluation,576,128,32,2,512,1,0,0,0,2,0,1,131072,1024,1024,0,2478595,2420.5029296875,2916.0,1923.0078125
v2_evaluation_p8_d2_s0,evaluation,576,128,8,2,512,1,0,0,0,2,0,1,131072,1024,1024,0,8006671,7819.0146484375,9804.0,5832.03125
v2_evaluation_p8_d2_s12,evaluation,576,128,8,2,512,1,12,0,0,2,0,1,131072,1024,1024,0,8026128,7838.015625,9823.001953125,5851.03125
v2_gaps_pattern0,synthetic_k27_c9,27,9,4,2,32,1,12,0,1,2,1,1,576,64,64,0,7213,112.703125,126.65625,96.78125
v2_gaps_pattern1,synthetic_k27_c9,27,9,4,2,32,1,12,1,1,2,1,1,576,64,64,0,6712,104.875,122.4375,85.34375
v2_gaps_pattern2,synthetic_k27_c9,27,9,4,2,32,1,12,2,1,2,1,1,576,64,64,0,6877,107.453125,128.1875,84.75
v2_minimum_p1,synthetic_k1_c9,1,9,1,2,6,1,12,0,0,2,1,1,108,12,12,0,957,79.75,78.66666666666667,79.0
v2_minimum_p8,synthetic_k1_c9,1,9,8,2,6,1,12,0,0,2,1,1,108,12,12,0,573,47.75,46.666666666666664,47.0
v2_modeseq0_p4_d2,synthetic_k27_c9,27,9,4,2,32,1,0,0,0,0,0,1,288,32,32,0,3647,113.96875,113.0,
v2_modeseq1_p4_d2,synthetic_k27_c9,27,9,4,2,32,1,0,0,0,1,0,1,288,32,32,0,2420,75.625,,74.65625
v2_small_p1_d1_s0,synthetic_k9_c9,9,9,1,1,14,1,0,0,0,2,0,1,252,28,28,0,2806,100.21428571428571,119.0,79.5
v2_small_p1_d1_s12,synthetic_k9_c9,9,9,1,1,14,1,12,0,0,2,0,1,252,28,28,0,4237,151.32142857142858,158.85714285714286,141.85714285714286
v2_small_p1_d2_s0,synthetic_k9_c9,9,9,1,2,14,1,0,0,0,2,0,1,252,28,28,0,2194,78.35714285714286,95.0,59.785714285714285
v2_small_p1_d2_s12,synthetic_k9_c9,9,9,1,2,14,1,12,0,0,2,0,1,252,28,28,0,2845,101.60714285714286,110.64285714285714,90.64285714285714
v2_small_p1_d3_s0,synthetic_k9_c9,9,9,1,3,14,1,0,0,0,2,0,1,252,28,28,0,2184,78.0,95.0,59.07142857142857
v2_small_p1_d3_s12,synthetic_k9_c9,9,9,1,3,14,1,12,0,0,2,0,1,252,28,28,0,2413,86.17857142857143,95.21428571428571,75.21428571428571
v2_small_p2_d1_s0,synthetic_k9_c9,9,9,2,1,14,1,0,0,0,2,0,1,252,28,28,0,1818,64.92857142857143,75.0,52.92857142857143
v2_small_p2_d1_s12,synthetic_k9_c9,9,9,2,1,14,1,12,0,0,2,0,1,252,28,28,0,2544,90.85714285714286,94.64285714285714,85.14285714285714
v2_small_p2_d2_s0,synthetic_k9_c9,9,9,2,2,14,1,0,0,0,2,0,1,252,28,28,0,1414,50.5,59.0,40.07142857142857
v2_small_p2_d2_s12,synthetic_k9_c9,9,9,2,2,14,1,12,0,0,2,0,1,252,28,28,0,1840,65.71428571428571,70.07142857142857,59.42857142857143
v2_small_p2_d3_s0,synthetic_k9_c9,9,9,2,3,14,1,0,0,0,2,0,1,252,28,28,0,1406,50.214285714285715,59.0,39.5
v2_small_p2_d3_s12,synthetic_k9_c9,9,9,2,3,14,1,12,0,0,2,0,1,252,28,28,0,1728,61.714285714285715,63.357142857142854,58.142857142857146
v2_small_p4_d1_s0,synthetic_k9_c9,9,9,4,1,14,1,0,0,0,2,0,1,252,28,28,0,1324,47.285714285714285,53.0,39.642857142857146
v2_small_p4_d1_s12,synthetic_k9_c9,9,9,4,1,14,1,12,0,0,2,0,1,252,28,28,0,1741,62.17857142857143,62.857142857142854,59.57142857142857
v2_small_p4_d2_s0,synthetic_k9_c9,9,9,4,2,14,1,0,0,0,2,0,1,252,28,28,0,1030,36.785714285714285,41.0,30.642857142857142
v2_small_p4_d2_s12,synthetic_k9_c9,9,9,4,2,14,1,12,0,0,2,0,1,252,28,28,0,1677,59.892857142857146,62.214285714285715,55.642857142857146
v2_small_p4_d3_s0,synthetic_k9_c9,9,9,4,3,14,1,0,0,0,2,0,1,252,28,28,0,1024,36.57142857142857,41.0,30.214285714285715
v2_small_p4_d3_s12,synthetic_k9_c9,9,9,4,3,14,1,12,0,0,2,0,1,252,28,28,0,1677,59.892857142857146,62.214285714285715,55.642857142857146
v2_small_p8_d1_s0,synthetic_k9_c9,9,9,8,1,14,1,0,0,0,2,0,1,252,28,28,0,1077,38.464285714285715,42.0,33.0
v2_small_p8_d1_s12,synthetic_k9_c9,9,9,8,1,14,1,12,0,0,2,0,1,252,28,28,0,1741,62.17857142857143,62.857142857142854,59.57142857142857
v2_small_p8_d2_s0,synthetic_k9_c9,9,9,8,2,14,1,0,0,0,2,0,1,252,28,28,0,849,30.321428571428573,32.0,26.714285714285715
v2_small_p8_d2_s12,synthetic_k9_c9,9,9,8,2,14,1,12,0,0,2,0,1,252,28,28,0,1677,59.892857142857146,62.214285714285715,55.642857142857146
v2_small_p8_d3_s0,synthetic_k9_c9,9,9,8,3,14,1,0,0,0,2,0,1,252,28,28,0,849,30.321428571428573,32.0,26.714285714285715
v2_small_p8_d3_s12,synthetic_k9_c9,9,9,8,3,14,1,12,0,0,2,0,1,252,28,28,0,1677,59.892857142857146,62.214285714285715,55.642857142857146
v3_calibration_p2_d2_s0,calibration,576,128,2,2,512,2,0,0,0,2,0,1,131072,1024,1024,0,29869509,29169.4423828125,58306.001953125,58341.75
v3_edge_k1_c1_p1_d1_s0,synthetic_k1_c1,1,1,1,1,6,2,0,0,0,2,0,1,12,12,12,0,50,4.166666666666667,10.0,10.5
v3_edge_k1_c1_p8_d2_s12,synthetic_k1_c1,1,1,8,2,6,2,12,0,0,2,0,1,12,12,12,0,94,7.833333333333333,27.0,26.0
v3_edge_k1_c9_p1_d4_s0,synthetic_k1_c9,1,9,1,4,6,2,0,0,0,2,0,1,108,12,12,0,113,9.416666666666666,19.833333333333332,21.0
v3_edge_k1_c9_p3_d2_s12,synthetic_k1_c9,1,9,3,2,6,2,12,0,0,2,0,1,108,12,12,0,432,36.0,86.66666666666667,91.83333333333333
v3_edge_k9_c17_p8_d2_s4,synthetic_k9_c17,9,17,8,2,14,2,4,0,0,2,0,1,476,28,28,0,880,31.428571428571427,65.21428571428571,69.07142857142857
v3_edge_k9_c9_p3_d3_s4,synthetic_k9_c9,9,9,3,3,14,2,4,0,0,2,0,1,252,28,28,0,632,22.571428571428573,49.785714285714285,50.42857142857143
v3_edge_k9_c9_p8_d8_s12,synthetic_k9_c9,9,9,8,8,14,2,12,0,0,2,0,1,252,28,28,0,1024,36.57142857142857,179.85714285714286,187.71428571428572
v3_evaluation_p128_d2_s0,evaluation,576,128,128,2,512,2,0,0,0,2,0,1,131072,1024,1024,0,591194,577.337890625,1283.0,1034.751953125
v3_evaluation_p16_d2_s0,evaluation,576,128,16,2,512,2,0,0,0,2,0,1,131072,1024,1024,0,3702363,3615.5888671875,7245.767578125,7248.015625
v3_evaluation_p2_d2_s0,evaluation,576,128,2,2,512,2,0,0,0,2,0,1,131072,1024,1024,0,29614725,28920.6298828125,57818.251953125,57844.125
v3_evaluation_p32_d2_s0,evaluation,576,128,32,2,512,2,0,0,0,2,0,1,131072,1024,1024,0,1851495,1808.1005859375,3648.447265625,3649.0078125
v3_evaluation_p64_d2_s0,evaluation,576,128,64,2,512,2,0,0,0,2,0,1,131072,1024,1024,0,932604,910.74609375,1886.51953125,1873.50390625
v3_evaluation_p8_d2_s0,evaluation,576,128,8,2,512,2,0,0,0,2,0,1,131072,1024,1024,0,7404123,7230.5888671875,14464.408203125,14470.03125
v3_evaluation_p8_d2_s12,evaluation,576,128,8,2,512,2,12,0,0,2,0,1,131072,1024,1024,0,7404144,7230.609375,14485.408203125,14491.03125
v3_gaps_pattern0,synthetic_k27_c9,27,9,4,2,32,2,12,0,1,2,1,1,576,64,64,0,4398,68.71875,147.625,145.15625
v3_gaps_pattern1,synthetic_k27_c9,27,9,4,2,32,2,12,1,1,2,1,1,576,64,64,0,4234,66.15625,136.6875,129.15625
v3_gaps_pattern2,synthetic_k27_c9,27,9,4,2,32,2,12,2,1,2,1,1,576,64,64,0,4364,68.1875,140.34375,133.90625
v3_minimum_p1,synthetic_k1_c9,1,9,1,2,6,2,12,0,0,2,1,1,108,12,12,0,862,71.83333333333333,145.33333333333334,155.83333333333334
v3_minimum_p8,synthetic_k1_c9,1,9,8,2,6,2,12,0,0,2,1,1,108,12,12,0,478,39.833333333333336,111.66666666666667,106.0
v3_modeseq0_p4_d2,synthetic_k27_c9,27,9,4,2,32,2,0,0,0,0,0,1,288,32,32,0,2623,81.96875,163.34375,
v3_modeseq1_p4_d2,synthetic_k27_c9,27,9,4,2,32,2,0,0,0,1,0,1,288,32,32,0,1520,47.5,,92.90625
v3_small_p1_d1_s0,synthetic_k9_c9,9,9,1,1,14,2,0,0,0,2,0,1,252,28,28,0,2521,90.03571428571429,180.28571428571428,182.14285714285714
v3_small_p1_d1_s12,synthetic_k9_c9,9,9,1,1,14,2,12,0,0,2,0,1,252,28,28,0,4045,144.46428571428572,285.14285714285717,298.2142857142857
v3_small_p1_d2_s0,synthetic_k9_c9,9,9,1,2,14,2,0,0,0,2,0,1,252,28,28,0,1801,64.32142857142857,130.21428571428572,130.71428571428572
v3_small_p1_d2_s12,synthetic_k9_c9,9,9,1,2,14,2,12,0,0,2,0,1,252,28,28,0,2430,86.78571428571429,176.85714285714286,181.64285714285714
v3_small_p1_d3_s0,synthetic_k9_c9,9,9,1,3,14,2,0,0,0,2,0,1,252,28,28,0,1777,63.464285714285715,128.85714285714286,129.0
v3_small_p1_d3_s12,synthetic_k9_c9,9,9,1,3,14,2,12,0,0,2,0,1,252,28,28,0,1965,70.17857142857143,145.07142857142858,148.71428571428572
v3_small_p2_d1_s0,synthetic_k9_c9,9,9,2,1,14,2,0,0,0,2,0,1,252,28,28,0,1517,54.17857142857143,109.42857142857143,110.42857142857143
v3_small_p2_d1_s12,synthetic_k9_c9,9,9,2,1,14,2,12,0,0,2,0,1,252,28,28,0,2253,80.46428571428571,160.78571428571428,169.28571428571428
v3_small_p2_d2_s0,synthetic_k9_c9,9,9,2,2,14,2,0,0,0,2,0,1,252,28,28,0,1017,36.32142857142857,74.64285714285714,74.71428571428571
v3_small_p2_d2_s12,synthetic_k9_c9,9,9,2,2,14,2,12,0,0,2,0,1,252,28,28,0,1391,49.67857142857143,107.0,107.07142857142857
v3_small_p2_d3_s0,synthetic_k9_c9,9,9,2,3,14,2,0,0,0,2,0,1,252,28,28,0,1002,35.785714285714285,73.71428571428571,73.5
v3_small_p2_d3_s12,synthetic_k9_c9,9,9,2,3,14,2,12,0,0,2,0,1,252,28,28,0,1168,41.714285714285715,90.28571428571429,94.64285714285714
v3_small_p4_d1_s0,synthetic_k9_c9,9,9,4,1,14,2,0,0,0,2,0,1,252,28,28,0,1015,36.25,74.0,74.57142857142857
v3_small_p4_d1_s12,synthetic_k9_c9,9,9,4,1,14,2,12,0,0,2,0,1,252,28,28,0,1357,48.464285714285715,97.21428571428571,103.42857142857143
v3_small_p4_d2_s0,synthetic_k9_c9,9,9,4,2,14,2,0,0,0,2,0,1,252,28,28,0,635,22.678571428571427,47.5,47.285714285714285
v3_small_p4_d2_s12,synthetic_k9_c9,9,9,4,2,14,2,12,0,0,2,0,1,252,28,28,0,1134,40.5,97.21428571428571,91.21428571428571
v3_small_p4_d3_s0,synthetic_k9_c9,9,9,4,3,14,2,0,0,0,2,0,1,252,28,28,0,623,22.25,46.642857142857146,46.5
v3_small_p4_d3_s12,synthetic_k9_c9,9,9,4,3,14,2,12,0,0,2,0,1,252,28,28,0,1024,36.57142857142857,91.35714285714286,95.92857142857143
v3_small_p8_d1_s0,synthetic_k9_c9,9,9,8,1,14,2,0,0,0,2,0,1,252,28,28,0,764,27.285714285714285,56.285714285714285,56.642857142857146
v3_small_p8_d1_s12,synthetic_k9_c9,9,9,8,1,14,2,12,0,0,2,0,1,252,28,28,0,1357,48.464285714285715,97.21428571428571,103.42857142857143
v3_small_p8_d2_s0,synthetic_k9_c9,9,9,8,2,14,2,0,0,0,2,0,1,252,28,28,0,486,17.357142857142858,36.785714285714285,37.857142857142854
v3_small_p8_d2_s12,synthetic_k9_c9,9,9,8,2,14,2,12,0,0,2,0,1,252,28,28,0,1134,40.5,106.71428571428571,106.07142857142857
v3_small_p8_d3_s0,synthetic_k9_c9,9,9,8,3,14,2,0,0,0,2,0,1,252,28,28,0,440,15.714285714285714,33.57142857142857,34.142857142857146
v3_small_p8_d3_s12,synthetic_k9_c9,9,9,8,3,14,2,12,0,0,2,0,1,252,28,28,0,1024,36.57142857142857,99.71428571428571,105.14285714285714
v4_calibration_p8_d2_s0_t4,calibration,576,128,8,2,512,3,0,0,0,2,0,4,131072,1024,1024,0,1967308,1921.19921875,3850.876953125,3852.25
v4_edge_k1_c1_p1_d1_s0_t4,synthetic_k1_c1,1,1,1,1,6,3,0,0,0,2,0,4,12,12,12,0,62,5.166666666666667,12.666666666666666,13.333333333333334
v4_edge_k1_c9_p3_d2_s12_t2,synthetic_k1_c9,1,9,3,2,6,3,12,0,0,2,0,2,108,12,12,0,432,36.0,86.66666666666667,91.83333333333333
v4_edge_k27_c9_p2_d1_s0_t16,synthetic_k27_c9,27,9,2,1,32,3,0,0,0,2,0,16,576,64,64,0,2169,33.890625,70.75,70.78125
v4_edge_k9_c17_p8_d2_s4_t3,synthetic_k9_c17,9,17,8,2,14,3,4,0,0,2,0,3,476,28,28,0,777,27.75,62.714285714285715,64.21428571428571
v4_edge_k9_c9_p3_d3_s4_t5,synthetic_k9_c9,9,9,3,3,14,3,4,0,0,2,0,5,252,28,28,0,351,12.535714285714286,34.07142857142857,33.142857142857146
v4_edge_k9_c9_p8_d8_s12_t9,synthetic_k9_c9,9,9,8,8,14,3,12,0,0,2,0,9,252,28,28,0,1022,36.5,190.14285714285714,195.92857142857142
v4_evaluation_p16_d2_s0_t4,evaluation,576,128,16,2,512,3,0,0,0,2,0,4,131072,1024,1024,0,979737,956.7744140625,1931.51171875,1929.109375
v4_evaluation_p2_d2_s0_t4,evaluation,576,128,2,2,512,3,0,0,0,2,0,4,131072,1024,1024,0,7824390,7641.005859375,15279.001953125,15285.875
v4_evaluation_p8_d2_s0_t1,evaluation,576,128,8,2,512,3,0,0,0,2,0,1,131072,1024,1024,0,7404124,7230.58984375,14465.408203125,14471.03125
v4_evaluation_p8_d2_s0_t2,evaluation,576,128,8,2,512,3,0,0,0,2,0,2,131072,1024,1024,0,3785932,3697.19921875,7401.783203125,7404.25
v4_evaluation_p8_d2_s0_t4,evaluation,576,128,8,2,512,3,0,0,0,2,0,4,131072,1024,1024,0,1956540,1910.68359375,3830.345703125,3831.21875
v4_evaluation_p8_d2_s0_t8,evaluation,576,128,8,2,512,3,0,0,0,2,0,8,131072,1024,1024,0,1044037,1019.5673828125,2048.83203125,2048.28125
v4_evaluation_p8_d2_s12_t4,evaluation,576,128,8,2,512,3,12,0,0,2,0,4,131072,1024,1024,0,1956560,1910.703125,3850.345703125,3851.21875
v4_gaps_pattern0,synthetic_k27_c9,27,9,4,2,32,3,12,0,1,2,1,4,576,64,64,0,2605,40.703125,89.53125,100.5
v4_gaps_pattern1,synthetic_k27_c9,27,9,4,2,32,3,12,1,1,2,1,4,576,64,64,0,2328,36.375,65.625,60.1875
v4_gaps_pattern2,synthetic_k27_c9,27,9,4,2,32,3,12,2,1,2,1,4,576,64,64,0,2497,39.015625,73.875,67.625
v4_k27_t1_p4_d3_s4,synthetic_k27_c9,27,9,4,3,32,3,4,0,0,2,0,1,576,64,64,0,4117,64.328125,132.9375,129.15625
v4_k27_t2_p4_d3_s4,synthetic_k27_c9,27,9,4,3,32,3,4,0,0,2,0,2,576,64,64,0,2382,37.21875,78.40625,71.9375
v4_k27_t4_p4_d3_s4,synthetic_k27_c9,27,9,4,3,32,3,4,0,0,2,0,4,576,64,64,0,1805,28.203125,53.5,48.75
v4_k27_t8_p4_d3_s4,synthetic_k27_c9,27,9,4,3,32,3,4,0,0,2,0,8,576,64,64,0,1805,28.203125,46.5,44.78125
v4_minimum_p1,synthetic_k1_c9,1,9,1,2,6,3,12,0,0,2,1,2,108,12,12,0,862,71.83333333333333,145.33333333333334,155.83333333333334
v4_minimum_p8,synthetic_k1_c9,1,9,8,2,6,3,12,0,0,2,1,2,108,12,12,0,478,39.833333333333336,111.66666666666667,106.0
v4_modeseq0_p4_d2,synthetic_k27_c9,27,9,4,2,32,3,0,0,0,0,0,4,288,32,32,0,921,28.78125,53.0,
v4_modeseq1_p4_d2,synthetic_k27_c9,27,9,4,2,32,3,0,0,0,1,0,4,288,32,32,0,909,28.40625,,48.0
v4_small_t1_p1_d2_s0,synthetic_k9_c9,9,9,1,2,14,3,0,0,0,2,0,1,252,28,28,0,1826,65.21428571428571,132.64285714285714,133.42857142857142
v4_small_t1_p1_d2_s12,synthetic_k9_c9,9,9,1,2,14,3,12,0,0,2,0,1,252,28,28,0,2461,87.89285714285714,177.78571428571428,184.14285714285714
v4_small_t1_p2_d2_s0,synthetic_k9_c9,9,9,2,2,14,3,0,0,0,2,0,1,252,28,28,0,1036,37.0,76.78571428571429,77.0
v4_small_t1_p2_d2_s12,synthetic_k9_c9,9,9,2,2,14,3,12,0,0,2,0,1,252,28,28,0,1391,49.67857142857143,107.07142857142857,107.07142857142857
v4_small_t1_p8_d2_s0,synthetic_k9_c9,9,9,8,2,14,3,0,0,0,2,0,1,252,28,28,0,514,18.357142857142858,39.642857142857146,41.214285714285715
v4_small_t1_p8_d2_s12,synthetic_k9_c9,9,9,8,2,14,3,12,0,0,2,0,1,252,28,28,0,1134,40.5,106.71428571428571,106.07142857142857
v4_small_t2_p1_d2_s0,synthetic_k9_c9,9,9,1,2,14,3,0,0,0,2,0,2,252,28,28,0,1108,39.57142857142857,81.35714285714286,82.14285714285714
v4_small_t2_p1_d2_s12,synthetic_k9_c9,9,9,1,2,14,3,12,0,0,2,0,2,252,28,28,0,2030,72.5,150.57142857142858,154.07142857142858
v4_small_t2_p2_d2_s0,synthetic_k9_c9,9,9,2,2,14,3,0,0,0,2,0,2,252,28,28,0,646,23.071428571428573,48.92857142857143,49.142857142857146
v4_small_t2_p2_d2_s12,synthetic_k9_c9,9,9,2,2,14,3,12,0,0,2,0,2,252,28,28,0,1135,40.535714285714285,87.92857142857143,89.92857142857143
v4_small_t2_p8_d2_s0,synthetic_k9_c9,9,9,8,2,14,3,0,0,0,2,0,2,252,28,28,0,432,15.428571428571429,36.5,37.857142857142854
v4_small_t2_p8_d2_s12,synthetic_k9_c9,9,9,8,2,14,3,12,0,0,2,0,2,252,28,28,0,1134,40.5,114.14285714285714,107.92857142857143
v4_small_t4_p1_d2_s0,synthetic_k9_c9,9,9,1,2,14,3,0,0,0,2,0,4,252,28,28,0,837,29.892857142857142,62.0,62.785714285714285
v4_small_t4_p1_d2_s12,synthetic_k9_c9,9,9,1,2,14,3,12,0,0,2,0,4,252,28,28,0,2030,72.5,152.42857142857142,156.21428571428572
v4_small_t4_p2_d2_s0,synthetic_k9_c9,9,9,2,2,14,3,0,0,0,2,0,4,252,28,28,0,529,18.892857142857142,40.57142857142857,40.785714285714285
v4_small_t4_p2_d2_s12,synthetic_k9_c9,9,9,2,2,14,3,12,0,0,2,0,4,252,28,28,0,1135,40.535714285714285,89.78571428571429,92.0
v4_small_t4_p8_d2_s0,synthetic_k9_c9,9,9,8,2,14,3,0,0,0,2,0,4,252,28,28,0,389,13.892857142857142,35.0,36.0
v4_small_t4_p8_d2_s12,synthetic_k9_c9,9,9,8,2,14,3,12,0,0,2,0,4,252,28,28,0,1134,40.5,117.57142857142857,109.0
v4_small_t8_p1_d2_s0,synthetic_k9_c9,9,9,1,2,14,3,0,0,0,2,0,8,252,28,28,0,731,26.107142857142858,54.42857142857143,55.214285714285715
v4_small_t8_p1_d2_s12,synthetic_k9_c9,9,9,1,2,14,3,12,0,0,2,0,8,252,28,28,0,2029,72.46428571428571,151.35714285714286,157.78571428571428
v4_small_t8_p2_d2_s0,synthetic_k9_c9,9,9,2,2,14,3,0,0,0,2,0,8,252,28,28,0,469,16.75,36.285714285714285,36.5
v4_small_t8_p2_d2_s12,synthetic_k9_c9,9,9,2,2,14,3,12,0,0,2,0,8,252,28,28,0,1135,40.535714285714285,90.71428571428571,93.0
v4_small_t8_p8_d2_s0,synthetic_k9_c9,9,9,8,2,14,3,0,0,0,2,0,8,252,28,28,0,366,13.071428571428571,34.07142857142857,34.92857142857143
v4_small_t8_p8_d2_s12,synthetic_k9_c9,9,9,8,2,14,3,12,0,0,2,0,8,252,28,28,0,1133,40.464285714285715,106.14285714285714,122.07142857142857
